date,location,people_fully_vaccinated
2020-12-27,Austria,
2020-12-28,Austria,
2020-12-29,Austria,
2020-12-30,Austria,
2020-12-31,Austria,
2021-01-01,Austria,
2021-01-02,Austria,
2021-01-03,Austria,
2021-01-04,Austria,
2021-01-05,Austria,
2021-01-06,Austria,
2021-01-07,Austria,
2021-01-08,Austria,
2021-01-09,Austria,
2021-01-10,Austria,
2021-01-11,Austria,
2021-01-12,Austria,
2021-01-13,Austria,
2021-01-14,Austria,
2021-01-15,Austria,
2021-01-16,Austria,12.0
2021-01-17,Austria,388.0
2021-01-18,Austria,1278.0
2021-01-19,Austria,2759.0
2021-01-20,Austria,4068.0
2021-01-21,Austria,4239.0
2021-01-22,Austria,4802.0
2021-01-23,Austria,4804.0
2021-01-24,Austria,4813.0
2021-01-25,Austria,4926.0
2021-01-26,Austria,5840.0
2021-01-27,Austria,6370.0
2021-01-28,Austria,9045.0
2021-01-29,Austria,18813.0
2021-01-30,Austria,21197.0
2021-01-31,Austria,22209.0
2021-02-01,Austria,25334.0
2021-02-02,Austria,39817.0
2021-02-03,Austria,54976.0
2021-02-04,Austria,72911.0
2021-02-05,Austria,90122.0
2021-02-06,Austria,96539.0
2021-02-07,Austria,100940.0
2021-02-08,Austria,108695.0
2021-02-09,Austria,125556.0
2021-02-10,Austria,144068.0
2021-02-11,Austria,163626.0
2021-02-12,Austria,182050.0
2021-02-13,Austria,187187.0
2021-02-14,Austria,188773.0
2021-02-15,Austria,192010.0
2021-02-16,Austria,199688.0
2021-02-17,Austria,209326.0
2021-02-18,Austria,217460.0
2021-02-19,Austria,225978.0
2021-02-20,Austria,227687.0
2021-02-21,Austria,228072.0
2021-02-22,Austria,229928.0
2021-02-23,Austria,234420.0
2021-02-24,Austria,237918.0
2021-02-25,Austria,241618.0
2021-02-26,Austria,246617.0
2021-02-27,Austria,248583.0
2021-02-28,Austria,249089.0
2021-03-01,Austria,249978.0
2021-03-02,Austria,252393.0
2021-03-03,Austria,254800.0
2021-03-04,Austria,257610.0
2021-03-05,Austria,260760.0
2021-03-06,Austria,263302.0
2021-03-07,Austria,263964.0
2021-03-08,Austria,265366.0
2021-03-09,Austria,268945.0
2021-03-10,Austria,273492.0
2021-03-11,Austria,278967.0
2021-03-12,Austria,284404.0
2021-03-13,Austria,290209.0
2021-03-14,Austria,294460.0
2021-03-15,Austria,296799.0
2021-03-16,Austria,303266.0
2021-03-17,Austria,311484.0
2021-03-18,Austria,319693.0
2021-03-19,Austria,328370.0
2021-03-20,Austria,338062.0
2021-03-21,Austria,341952.0
2021-03-22,Austria,344567.0
2021-03-23,Austria,361364.0
2021-03-24,Austria,379491.0
2021-03-25,Austria,396124.0
2021-03-26,Austria,415040.0
2021-03-27,Austria,429800.0
2021-03-28,Austria,434510.0
2021-03-29,Austria,440180.0
2021-03-30,Austria,452062.0
2021-03-31,Austria,465300.0
2021-04-01,Austria,484591.0
2021-04-02,Austria,504023.0
2021-04-03,Austria,513132.0
2021-04-04,Austria,514920.0
2021-04-05,Austria,519725.0
2021-04-06,Austria,531860.0
2021-04-07,Austria,548174.0
2021-04-08,Austria,574129.0
2021-04-09,Austria,607646.0
2021-04-10,Austria,636620.0
2021-04-11,Austria,652320.0
2021-04-12,Austria,659450.0
2021-04-13,Austria,671150.0
2021-04-14,Austria,685001.0
2021-04-15,Austria,704201.0
2021-04-16,Austria,722951.0
2021-04-17,Austria,744956.0
2021-04-18,Austria,749295.0
2021-04-19,Austria,755097.0
2021-04-20,Austria,767902.0
2021-04-21,Austria,778783.0
2021-04-22,Austria,789491.0
2021-04-23,Austria,801011.0
2021-04-24,Austria,806896.0
2021-04-25,Austria,808731.0
2021-04-26,Austria,812293.0
2021-04-27,Austria,823734.0
2021-04-28,Austria,838273.0
2021-04-29,Austria,853628.0
2021-04-30,Austria,867458.0
2021-05-01,Austria,875659.0
2021-05-02,Austria,877063.0
2021-05-03,Austria,889419.0
2021-05-04,Austria,911397.0
2021-05-05,Austria,929712.0
2021-05-06,Austria,950619.0
2021-05-07,Austria,974088.0
2021-05-08,Austria,993774.0
2021-05-09,Austria,999935.0
2021-05-10,Austria,1011241.0
2021-05-11,Austria,1029338.0
2021-05-12,Austria,1053640.0
2021-05-13,Austria,1062254.0
2021-05-14,Austria,1086722.0
2021-05-15,Austria,1103717.0
2021-05-16,Austria,1110941.0
2021-05-17,Austria,1129682.0
2021-05-18,Austria,1157595.0
2021-05-19,Austria,1191334.0
2021-05-20,Austria,1228061.0
2021-05-21,Austria,1269879.0
2021-05-22,Austria,1290113.0
2021-05-23,Austria,1301747.0
2021-05-24,Austria,1314738.0
2021-05-25,Austria,1333641.0
2021-05-26,Austria,1379502.0
2021-05-27,Austria,1427234.0
2021-05-28,Austria,1484235.0
2021-05-29,Austria,1521997.0
2021-05-30,Austria,1546247.0
2021-05-31,Austria,1571599.0
2021-06-01,Austria,1612633.0
2021-06-02,Austria,1685598.0
2021-06-03,Austria,1724327.0
2021-06-04,Austria,1774575.0
2021-06-05,Austria,1804705.0
2021-06-06,Austria,1834599.0
2021-06-07,Austria,1869352.0
2021-06-08,Austria,1915743.0
2021-06-09,Austria,1975261.0
2021-06-10,Austria,2049226.0
2021-06-11,Austria,2129275.0
2021-06-12,Austria,2171616.0
2021-06-13,Austria,2192290.0
2021-06-14,Austria,2223849.0
2021-06-15,Austria,2266111.0
2021-06-16,Austria,2339597.0
2021-06-17,Austria,2415670.0
2021-06-18,Austria,2490853.0
2021-06-19,Austria,2527664.0
2021-06-20,Austria,2545584.0
2021-06-21,Austria,2578867.0
2021-06-22,Austria,2637112.0
2021-06-23,Austria,2715404.0
2021-06-24,Austria,2794041.0
2021-06-25,Austria,2883272.0
2021-06-26,Austria,2934256.0
2021-06-27,Austria,2953792.0
2021-06-28,Austria,2991872.0
2021-06-29,Austria,3055929.0
2021-06-30,Austria,3140835.0
2021-07-01,Austria,3231241.0
2021-07-02,Austria,3320812.0
2021-07-03,Austria,3371923.0
2021-07-04,Austria,3398534.0
2021-07-05,Austria,3430667.0
2021-07-06,Austria,3488680.0
2021-07-07,Austria,3560130.0
2021-07-08,Austria,3634508.0
2021-07-09,Austria,3704698.0
2021-07-10,Austria,3745973.0
2021-07-11,Austria,3767432.0
2021-07-12,Austria,3796742.0
2021-07-13,Austria,3852419.0
2021-07-14,Austria,3919490.0
2021-07-15,Austria,3968182.0
2021-07-16,Austria,4033809.0
2021-07-17,Austria,4073956.0
2021-07-18,Austria,4096439.0
2021-07-19,Austria,4118079.0
2021-07-20,Austria,4154426.0
2021-07-21,Austria,4211954.0
2021-07-22,Austria,4266456.0
2021-07-23,Austria,4323651.0
2021-07-24,Austria,4366615.0
2021-07-25,Austria,4390178.0
2021-07-26,Austria,4413131.0
2021-07-27,Austria,4460569.0
2021-07-28,Austria,4509904.0
2021-07-29,Austria,4547146.0
2021-07-30,Austria,4594485.0
2021-07-31,Austria,4625593.0
2021-08-01,Austria,4650895.0
2021-08-02,Austria,4674753.0
2021-08-03,Austria,4714603.0
2021-08-04,Austria,4752553.0
2021-08-05,Austria,4785874.0
2021-08-06,Austria,4825212.0
2021-08-07,Austria,4850822.0
2021-08-08,Austria,4872877.0
2021-08-09,Austria,4885055.0
2021-08-10,Austria,4920810.0
2021-08-11,Austria,4954704.0
2021-08-12,Austria,4980099.0
2021-08-13,Austria,5001971.0
2021-08-14,Austria,5016233.0
2021-08-15,Austria,5024056.0
2021-08-16,Austria,5044055.0
2021-08-17,Austria,5064241.0
2021-08-18,Austria,5084206.0
2021-08-19,Austria,5103843.0
2021-08-20,Austria,5123500.0
2021-08-21,Austria,5136105.0
2021-08-22,Austria,5141050.0
2021-08-23,Austria,5147210.0
2021-08-24,Austria,5158720.0
2021-08-25,Austria,5168457.0
2021-08-26,Austria,5183591.0
2021-08-27,Austria,5195566.0
2021-08-28,Austria,5200722.0
2021-08-29,Austria,5202996.0
2021-08-30,Austria,5208736.0
2021-08-31,Austria,5218171.0
2021-09-01,Austria,5226133.0
2021-09-02,Austria,5235197.0
2021-09-03,Austria,5243892.0
2021-09-04,Austria,5252017.0
2021-09-05,Austria,5253351.0
2021-09-06,Austria,5257167.0
2021-09-07,Austria,5264177.0
2021-09-08,Austria,5271555.0
2021-09-09,Austria,5279740.0
2021-09-10,Austria,5289017.0
2021-09-11,Austria,5296614.0
2021-09-12,Austria,5298446.0
2021-09-13,Austria,5302816.0
2021-09-14,Austria,5311362.0
2021-09-15,Austria,5318615.0
2021-09-16,Austria,5326608.0
2021-09-17,Austria,5336173.0
2021-09-18,Austria,5342341.0
2021-09-19,Austria,5344746.0
2021-09-20,Austria,5349159.0
2021-09-21,Austria,5358361.0
2021-09-22,Austria,5365873.0
2021-09-23,Austria,5373065.0
2021-09-24,Austria,5383268.0
2021-09-25,Austria,5388586.0
2021-09-26,Austria,5389744.0
2020-12-28,Belgium,5389744.0
2020-12-29,Belgium,11.0
2020-12-30,Belgium,20.0
2020-12-31,Belgium,20.0
2021-01-01,Belgium,20.0
2021-01-02,Belgium,33.0
2021-01-03,Belgium,33.0
2021-01-04,Belgium,36.0
2021-01-05,Belgium,55.0
2021-01-06,Belgium,79.0
2021-01-07,Belgium,95.0
2021-01-08,Belgium,131.0
2021-01-09,Belgium,143.0
2021-01-10,Belgium,145.0
2021-01-11,Belgium,158.0
2021-01-12,Belgium,185.0
2021-01-13,Belgium,322.0
2021-01-14,Belgium,346.0
2021-01-15,Belgium,374.0
2021-01-16,Belgium,388.0
2021-01-17,Belgium,403.0
2021-01-18,Belgium,554.0
2021-01-19,Belgium,781.0
2021-01-20,Belgium,1261.0
2021-01-21,Belgium,1311.0
2021-01-22,Belgium,1390.0
2021-01-23,Belgium,1411.0
2021-01-24,Belgium,1431.0
2021-01-25,Belgium,1471.0
2021-01-26,Belgium,3258.0
2021-01-27,Belgium,6738.0
2021-01-28,Belgium,14678.0
2021-01-29,Belgium,23771.0
2021-01-30,Belgium,26698.0
2021-01-31,Belgium,27047.0
2021-02-01,Belgium,30977.0
2021-02-02,Belgium,45422.0
2021-02-03,Belgium,66232.0
2021-02-04,Belgium,90681.0
2021-02-05,Belgium,113735.0
2021-02-06,Belgium,119086.0
2021-02-07,Belgium,122176.0
2021-02-08,Belgium,130056.0
2021-02-09,Belgium,149917.0
2021-02-10,Belgium,169171.0
2021-02-11,Belgium,197628.0
2021-02-12,Belgium,225992.0
2021-02-13,Belgium,234170.0
2021-02-14,Belgium,236051.0
2021-02-15,Belgium,247838.0
2021-02-16,Belgium,258485.0
2021-02-17,Belgium,271402.0
2021-02-18,Belgium,288782.0
2021-02-19,Belgium,302134.0
2021-02-20,Belgium,303754.0
2021-02-21,Belgium,304044.0
2021-02-22,Belgium,307018.0
2021-02-23,Belgium,315273.0
2021-02-24,Belgium,323703.0
2021-02-25,Belgium,332993.0
2021-02-26,Belgium,340000.0
2021-02-27,Belgium,340819.0
2021-02-28,Belgium,341092.0
2021-03-01,Belgium,343888.0
2021-03-02,Belgium,350820.0
2021-03-03,Belgium,357055.0
2021-03-04,Belgium,365918.0
2021-03-05,Belgium,372732.0
2021-03-06,Belgium,373390.0
2021-03-07,Belgium,373583.0
2021-03-08,Belgium,375596.0
2021-03-09,Belgium,383096.0
2021-03-10,Belgium,392368.0
2021-03-11,Belgium,402556.0
2021-03-12,Belgium,416318.0
2021-03-13,Belgium,418546.0
2021-03-14,Belgium,419844.0
2021-03-15,Belgium,424544.0
2021-03-16,Belgium,428833.0
2021-03-17,Belgium,437688.0
2021-03-18,Belgium,454671.0
2021-03-19,Belgium,473682.0
2021-03-20,Belgium,475284.0
2021-03-21,Belgium,475819.0
2021-03-22,Belgium,481229.0
2021-03-23,Belgium,487052.0
2021-03-24,Belgium,497706.0
2021-03-25,Belgium,517841.0
2021-03-26,Belgium,537689.0
2021-03-27,Belgium,541507.0
2021-03-28,Belgium,542480.0
2021-03-29,Belgium,547798.0
2021-03-30,Belgium,553591.0
2021-03-31,Belgium,564998.0
2021-04-01,Belgium,589998.0
2021-04-02,Belgium,609158.0
2021-04-03,Belgium,610612.0
2021-04-04,Belgium,610727.0
2021-04-05,Belgium,613243.0
2021-04-06,Belgium,622507.0
2021-04-07,Belgium,632436.0
2021-04-08,Belgium,649374.0
2021-04-09,Belgium,665390.0
2021-04-10,Belgium,669524.0
2021-04-11,Belgium,669914.0
2021-04-12,Belgium,679041.0
2021-04-13,Belgium,687550.0
2021-04-14,Belgium,712274.0
2021-04-15,Belgium,739027.0
2021-04-16,Belgium,756580.0
2021-04-17,Belgium,762423.0
2021-04-18,Belgium,762546.0
2021-04-19,Belgium,766996.0
2021-04-20,Belgium,770294.0
2021-04-21,Belgium,774936.0
2021-04-22,Belgium,781067.0
2021-04-23,Belgium,788371.0
2021-04-24,Belgium,790230.0
2021-04-25,Belgium,790286.0
2021-04-26,Belgium,797361.0
2021-04-27,Belgium,812081.0
2021-04-28,Belgium,827462.0
2021-04-29,Belgium,847407.0
2021-04-30,Belgium,870261.0
2021-05-01,Belgium,878390.0
2021-05-02,Belgium,878547.0
2021-05-03,Belgium,893679.0
2021-05-04,Belgium,912816.0
2021-05-05,Belgium,987225.0
2021-05-06,Belgium,1065559.0
2021-05-07,Belgium,1124970.0
2021-05-08,Belgium,1136420.0
2021-05-09,Belgium,1136581.0
2021-05-10,Belgium,1142656.0
2021-05-11,Belgium,1153977.0
2021-05-12,Belgium,1183635.0
2021-05-13,Belgium,1264531.0
2021-05-14,Belgium,1368908.0
2021-05-15,Belgium,1424435.0
2021-05-16,Belgium,1428317.0
2021-05-17,Belgium,1454377.0
2021-05-18,Belgium,1488302.0
2021-05-19,Belgium,1555946.0
2021-05-20,Belgium,1639125.0
2021-05-21,Belgium,1701327.0
2021-05-22,Belgium,1746699.0
2021-05-23,Belgium,1749528.0
2021-05-24,Belgium,1786189.0
2021-05-25,Belgium,1833501.0
2021-05-26,Belgium,1925553.0
2021-05-27,Belgium,2028810.0
2021-05-28,Belgium,2106183.0
2021-05-29,Belgium,2156616.0
2021-05-30,Belgium,2163852.0
2021-05-31,Belgium,2221703.0
2021-06-01,Belgium,2269800.0
2021-06-02,Belgium,2360392.0
2021-06-03,Belgium,2457976.0
2021-06-04,Belgium,2532090.0
2021-06-05,Belgium,2583858.0
2021-06-06,Belgium,2589818.0
2021-06-07,Belgium,2669452.0
2021-06-08,Belgium,2750488.0
2021-06-09,Belgium,2860398.0
2021-06-10,Belgium,2978682.0
2021-06-11,Belgium,3089054.0
2021-06-12,Belgium,3160634.0
2021-06-13,Belgium,3169320.0
2021-06-14,Belgium,3258378.0
2021-06-15,Belgium,3341967.0
2021-06-16,Belgium,3421056.0
2021-06-17,Belgium,3477498.0
2021-06-18,Belgium,3537499.0
2021-06-19,Belgium,3569554.0
2021-06-20,Belgium,3571465.0
2021-06-21,Belgium,3610233.0
2021-06-22,Belgium,3666315.0
2021-06-23,Belgium,3730745.0
2021-06-24,Belgium,3791950.0
2021-06-25,Belgium,3844157.0
2021-06-26,Belgium,3894329.0
2021-06-27,Belgium,3901324.0
2021-06-28,Belgium,3956908.0
2021-06-29,Belgium,4026243.0
2021-06-30,Belgium,4073049.0
2021-07-01,Belgium,4122178.0
2021-07-02,Belgium,4163676.0
2021-07-03,Belgium,4216016.0
2021-07-04,Belgium,4222909.0
2021-07-05,Belgium,4322113.0
2021-07-06,Belgium,4417295.0
2021-07-07,Belgium,4540705.0
2021-07-08,Belgium,4672357.0
2021-07-09,Belgium,4786432.0
2021-07-10,Belgium,4896949.0
2021-07-11,Belgium,4924001.0
2021-07-12,Belgium,5047167.0
2021-07-13,Belgium,5141211.0
2021-07-14,Belgium,5256867.0
2021-07-15,Belgium,5363897.0
2021-07-16,Belgium,5474742.0
2021-07-17,Belgium,5559643.0
2021-07-18,Belgium,5571602.0
2021-07-19,Belgium,5681735.0
2021-07-20,Belgium,5779522.0
2021-07-21,Belgium,5867522.0
2021-07-22,Belgium,6026507.0
2021-07-23,Belgium,6167515.0
2021-07-24,Belgium,6250197.0
2021-07-25,Belgium,6262858.0
2021-07-26,Belgium,6361320.0
2021-07-27,Belgium,6451654.0
2021-07-28,Belgium,6582622.0
2021-07-29,Belgium,6707196.0
2021-07-30,Belgium,6825115.0
2021-07-31,Belgium,6895860.0
2021-08-01,Belgium,6905948.0
2021-08-02,Belgium,6993528.0
2021-08-03,Belgium,7065512.0
2021-08-04,Belgium,7152497.0
2021-08-05,Belgium,7243953.0
2021-08-06,Belgium,7331714.0
2021-08-07,Belgium,7370358.0
2021-08-08,Belgium,7375571.0
2021-08-09,Belgium,7428160.0
2021-08-10,Belgium,7493916.0
2021-08-11,Belgium,7555828.0
2021-08-12,Belgium,7616249.0
2021-08-13,Belgium,7664059.0
2021-08-14,Belgium,7685454.0
2021-08-15,Belgium,7687132.0
2021-08-16,Belgium,7719685.0
2021-08-17,Belgium,7754857.0
2021-08-18,Belgium,7796129.0
2021-08-19,Belgium,7836273.0
2021-08-20,Belgium,7870594.0
2021-08-21,Belgium,7889054.0
2021-08-22,Belgium,7891887.0
2021-08-23,Belgium,7924888.0
2021-08-24,Belgium,7957817.0
2021-08-25,Belgium,7992382.0
2021-08-26,Belgium,8031678.0
2021-08-27,Belgium,8064581.0
2021-08-28,Belgium,8092484.0
2021-08-29,Belgium,8093773.0
2021-08-30,Belgium,8120199.0
2021-08-31,Belgium,8149703.0
2021-09-01,Belgium,8165235.0
2021-09-02,Belgium,8176749.0
2021-09-03,Belgium,8194556.0
2021-09-04,Belgium,8214988.0
2021-09-05,Belgium,8215354.0
2021-09-06,Belgium,8219231.0
2021-09-07,Belgium,8225703.0
2021-09-08,Belgium,8242415.0
2021-09-09,Belgium,8250138.0
2021-09-10,Belgium,8261405.0
2021-09-11,Belgium,8275853.0
2021-09-12,Belgium,8276609.0
2021-09-13,Belgium,8282551.0
2021-09-14,Belgium,8285722.0
2021-09-15,Belgium,8296625.0
2021-09-16,Belgium,8305601.0
2021-09-17,Belgium,8315837.0
2021-09-18,Belgium,8329959.0
2021-09-19,Belgium,8330122.0
2021-09-20,Belgium,8333556.0
2021-09-21,Belgium,8339974.0
2021-09-22,Belgium,8350918.0
2021-09-23,Belgium,8357925.0
2021-09-24,Belgium,8363745.0
2021-09-25,Belgium,8376419.0
2021-09-26,Belgium,8376853.0
2020-12-14,Canada,8376853.0
2020-12-15,Canada,8376853.0
2020-12-16,Canada,8376853.0
2020-12-17,Canada,8376853.0
2020-12-18,Canada,8376853.0
2020-12-19,Canada,8376853.0
2020-12-20,Canada,8376853.0
2020-12-21,Canada,8376853.0
2020-12-22,Canada,8376853.0
2020-12-23,Canada,8376853.0
2020-12-24,Canada,8376853.0
2020-12-25,Canada,8376853.0
2020-12-26,Canada,8376853.0
2020-12-27,Canada,8376853.0
2020-12-28,Canada,8376853.0
2020-12-29,Canada,8376853.0
2020-12-30,Canada,8376853.0
2020-12-31,Canada,8376853.0
2021-01-01,Canada,8376853.0
2021-01-02,Canada,8376853.0
2021-01-03,Canada,8376853.0
2021-01-04,Canada,8376853.0
2021-01-05,Canada,8376853.0
2021-01-06,Canada,430.0
2021-01-07,Canada,1087.0
2021-01-08,Canada,2027.0
2021-01-09,Canada,2940.0
2021-01-10,Canada,2942.0
2021-01-11,Canada,2942.0
2021-01-12,Canada,4177.0
2021-01-13,Canada,13085.0
2021-01-14,Canada,15646.0
2021-01-15,Canada,19148.0
2021-01-16,Canada,20268.0
2021-01-17,Canada,21458.0
2021-01-18,Canada,22188.0
2021-01-19,Canada,24385.0
2021-01-20,Canada,37048.0
2021-01-21,Canada,43252.0
2021-01-22,Canada,49491.0
2021-01-23,Canada,53804.0
2021-01-24,Canada,56441.0
2021-01-25,Canada,64653.0
2021-01-26,Canada,72811.0
2021-01-27,Canada,82196.0
2021-01-28,Canada,91944.0
2021-01-29,Canada,101175.0
2021-01-30,Canada,109501.0
2021-01-31,Canada,111890.0
2021-02-01,Canada,116317.0
2021-02-02,Canada,121087.0
2021-02-03,Canada,130133.0
2021-02-04,Canada,142437.0
2021-02-05,Canada,155503.0
2021-02-06,Canada,168987.0
2021-02-07,Canada,176584.0
2021-02-08,Canada,187434.0
2021-02-09,Canada,204059.0
2021-02-10,Canada,223991.0
2021-02-11,Canada,244100.0
2021-02-12,Canada,266826.0
2021-02-13,Canada,287470.0
2021-02-14,Canada,301732.0
2021-02-15,Canada,309982.0
2021-02-16,Canada,327770.0
2021-02-17,Canada,343423.0
2021-02-18,Canada,363132.0
2021-02-19,Canada,387694.0
2021-02-20,Canada,404466.0
2021-02-21,Canada,417478.0
2021-02-22,Canada,449546.0
2021-02-23,Canada,467772.0
2021-02-24,Canada,482047.0
2021-02-25,Canada,498860.0
2021-02-26,Canada,511975.0
2021-02-27,Canada,519782.0
2021-02-28,Canada,525025.0
2021-03-01,Canada,538239.0
2021-03-02,Canada,548204.0
2021-03-03,Canada,554427.0
2021-03-04,Canada,558882.0
2021-03-05,Canada,561971.0
2021-03-06,Canada,564217.0
2021-03-07,Canada,565719.0
2021-03-08,Canada,575602.0
2021-03-09,Canada,579032.0
2021-03-10,Canada,583483.0
2021-03-11,Canada,587651.0
2021-03-12,Canada,590674.0
2021-03-13,Canada,593331.0
2021-03-14,Canada,595333.0
2021-03-15,Canada,600918.0
2021-03-16,Canada,604921.0
2021-03-17,Canada,610071.0
2021-03-18,Canada,615681.0
2021-03-19,Canada,621601.0
2021-03-20,Canada,626214.0
2021-03-21,Canada,629956.0
2021-03-22,Canada,633512.0
2021-03-23,Canada,637427.0
2021-03-24,Canada,642371.0
2021-03-25,Canada,648991.0
2021-03-26,Canada,657291.0
2021-03-27,Canada,662655.0
2021-03-28,Canada,666633.0
2021-03-29,Canada,672214.0
2021-03-30,Canada,679469.0
2021-03-31,Canada,685974.0
2021-04-01,Canada,696128.0
2021-04-02,Canada,700177.0
2021-04-03,Canada,704399.0
2021-04-04,Canada,704403.0
2021-04-05,Canada,718462.0
2021-04-06,Canada,730958.0
2021-04-07,Canada,746667.0
2021-04-08,Canada,763727.0
2021-04-09,Canada,780400.0
2021-04-10,Canada,794186.0
2021-04-11,Canada,797265.0
2021-04-12,Canada,815659.0
2021-04-13,Canada,829067.0
2021-04-14,Canada,840602.0
2021-04-15,Canada,854586.0
2021-04-16,Canada,884012.0
2021-04-17,Canada,908060.0
2021-04-18,Canada,913214.0
2021-04-19,Canada,933484.0
2021-04-20,Canada,944964.0
2021-04-21,Canada,957945.0
2021-04-22,Canada,974515.0
2021-04-23,Canada,993480.0
2021-04-24,Canada,1008649.0
2021-04-25,Canada,1018288.0
2021-04-26,Canada,1027150.0
2021-04-27,Canada,1046076.0
2021-04-28,Canada,1061436.0
2021-04-29,Canada,1082053.0
2021-04-30,Canada,1090114.0
2021-05-01,Canada,1117830.0
2021-05-02,Canada,1128778.0
2021-05-03,Canada,1136877.0
2021-05-04,Canada,1156128.0
2021-05-05,Canada,1173962.0
2021-05-06,Canada,1196166.0
2021-05-07,Canada,1221019.0
2021-05-08,Canada,1240997.0
2021-05-09,Canada,1248931.0
2021-05-10,Canada,1267125.0
2021-05-11,Canada,1285391.0
2021-05-12,Canada,1308290.0
2021-05-13,Canada,1336187.0
2021-05-14,Canada,1370379.0
2021-05-15,Canada,1395516.0
2021-05-16,Canada,1410963.0
2021-05-17,Canada,1424641.0
2021-05-18,Canada,1450745.0
2021-05-19,Canada,1486018.0
2021-05-20,Canada,1529541.0
2021-05-21,Canada,1581598.0
2021-05-22,Canada,1629593.0
2021-05-23,Canada,1653627.0
2021-05-24,Canada,1672543.0
2021-05-25,Canada,1695594.0
2021-05-26,Canada,1743718.0
2021-05-27,Canada,1808107.0
2021-05-28,Canada,1878638.0
2021-05-29,Canada,1949139.0
2021-05-30,Canada,2013519.0
2021-05-31,Canada,2078573.0
2021-06-01,Canada,2161527.0
2021-06-02,Canada,2263786.0
2021-06-03,Canada,2402935.0
2021-06-04,Canada,2571814.0
2021-06-05,Canada,2714936.0
2021-06-06,Canada,2842203.0
2021-06-07,Canada,2995917.0
2021-06-08,Canada,3184937.0
2021-06-09,Canada,3421995.0
2021-06-10,Canada,3718629.0
2021-06-11,Canada,4045324.0
2021-06-12,Canada,4332854.0
2021-06-13,Canada,4594453.0
2021-06-14,Canada,4911015.0
2021-06-15,Canada,5240302.0
2021-06-16,Canada,5603679.0
2021-06-17,Canada,6005085.0
2021-06-18,Canada,6440424.0
2021-06-19,Canada,6792499.0
2021-06-20,Canada,7084165.0
2021-06-21,Canada,7411966.0
2021-06-22,Canada,7819125.0
2021-06-23,Canada,8274009.0
2021-06-24,Canada,8794464.0
2021-06-25,Canada,9254970.0
2021-06-26,Canada,9652507.0
2021-06-27,Canada,9970084.0
2021-06-28,Canada,10589254.0
2021-06-29,Canada,11109783.0
2021-06-30,Canada,11662058.0
2021-07-01,Canada,12064232.0
2021-07-02,Canada,12595940.0
2021-07-03,Canada,12925620.0
2021-07-04,Canada,13216420.0
2021-07-05,Canada,13760360.0
2021-07-06,Canada,14199217.0
2021-07-07,Canada,14659128.0
2021-07-08,Canada,15219854.0
2021-07-09,Canada,15713492.0
2021-07-10,Canada,16045371.0
2021-07-11,Canada,16302895.0
2021-07-12,Canada,16751773.0
2021-07-13,Canada,17128728.0
2021-07-14,Canada,17510007.0
2021-07-15,Canada,17901260.0
2021-07-16,Canada,18286671.0
2021-07-17,Canada,18556079.0
2021-07-18,Canada,18756816.0
2021-07-19,Canada,19137995.0
2021-07-20,Canada,19437391.0
2021-07-21,Canada,19783169.0
2021-07-22,Canada,20122241.0
2021-07-23,Canada,20435722.0
2021-07-24,Canada,20654519.0
2021-07-25,Canada,20827849.0
2021-07-26,Canada,21174524.0
2021-07-27,Canada,21415908.0
2021-07-28,Canada,21651918.0
2021-07-29,Canada,21881949.0
2021-07-30,Canada,22101762.0
2021-07-31,Canada,22248811.0
2021-08-01,Canada,22362208.0
2021-08-02,Canada,22442098.0
2021-08-03,Canada,22705375.0
2021-08-04,Canada,22841633.0
2021-08-05,Canada,22997064.0
2021-08-06,Canada,23139540.0
2021-08-07,Canada,23244247.0
2021-08-08,Canada,23324700.0
2021-08-09,Canada,23479992.0
2021-08-10,Canada,23590540.0
2021-08-11,Canada,23700094.0
2021-08-12,Canada,23820958.0
2021-08-13,Canada,23934219.0
2021-08-14,Canada,24025326.0
2021-08-15,Canada,24104572.0
2021-08-16,Canada,24237435.0
2021-08-17,Canada,24345827.0
2021-08-18,Canada,24440482.0
2021-08-19,Canada,24541082.0
2021-08-20,Canada,24632227.0
2021-08-21,Canada,24710081.0
2021-08-22,Canada,24767249.0
2021-08-23,Canada,24858576.0
2021-08-24,Canada,24944393.0
2021-08-25,Canada,25014925.0
2021-08-26,Canada,25098382.0
2021-08-27,Canada,25175180.0
2021-08-28,Canada,25235377.0
2021-08-29,Canada,25282042.0
2021-08-30,Canada,25361100.0
2021-08-31,Canada,25415420.0
2021-09-01,Canada,25480478.0
2021-09-02,Canada,25537732.0
2021-09-03,Canada,25602193.0
2021-09-04,Canada,25659288.0
2021-09-05,Canada,25698271.0
2021-09-06,Canada,25721297.0
2021-09-07,Canada,25790074.0
2021-09-08,Canada,25839987.0
2021-09-09,Canada,25897113.0
2021-09-10,Canada,25954802.0
2021-09-11,Canada,25999253.0
2021-09-12,Canada,26036058.0
2021-09-13,Canada,26097371.0
2021-09-14,Canada,26139377.0
2021-09-15,Canada,26187616.0
2021-09-16,Canada,26243483.0
2021-09-17,Canada,26304533.0
2021-09-18,Canada,26345872.0
2021-09-19,Canada,26380463.0
2021-09-20,Canada,26451327.0
2021-09-21,Canada,26503699.0
2021-09-22,Canada,26556303.0
2021-09-23,Canada,26618405.0
2021-09-24,Canada,26685251.0
2021-09-25,Canada,26730853.0
2021-09-26,Canada,26773018.0
2020-12-24,Chile,26773018.0
2020-12-25,Chile,26773018.0
2020-12-26,Chile,26773018.0
2020-12-27,Chile,26773018.0
2020-12-28,Chile,26773018.0
2020-12-29,Chile,26773018.0
2020-12-30,Chile,26773018.0
2020-12-31,Chile,26773018.0
2021-01-01,Chile,26773018.0
2021-01-02,Chile,26773018.0
2021-01-03,Chile,26773018.0
2021-01-04,Chile,26773018.0
2021-01-05,Chile,26773018.0
2021-01-06,Chile,26773018.0
2021-01-07,Chile,26773018.0
2021-01-08,Chile,26773018.0
2021-01-09,Chile,26773018.0
2021-01-10,Chile,26773018.0
2021-01-11,Chile,26773018.0
2021-01-12,Chile,26773018.0
2021-01-13,Chile,1032.0
2021-01-14,Chile,5829.0
2021-01-15,Chile,8303.0
2021-01-16,Chile,8370.0
2021-01-17,Chile,8370.0
2021-01-18,Chile,8370.0
2021-01-19,Chile,8371.0
2021-01-20,Chile,8371.0
2021-01-21,Chile,8371.0
2021-01-22,Chile,8375.0
2021-01-23,Chile,8375.0
2021-01-24,Chile,8375.0
2021-01-25,Chile,9778.0
2021-01-26,Chile,10373.0
2021-01-27,Chile,10407.0
2021-01-28,Chile,10407.0
2021-01-29,Chile,10412.0
2021-01-30,Chile,10412.0
2021-01-31,Chile,10412.0
2021-02-01,Chile,10412.0
2021-02-02,Chile,10418.0
2021-02-03,Chile,10418.0
2021-02-04,Chile,12526.0
2021-02-05,Chile,13196.0
2021-02-06,Chile,13201.0
2021-02-07,Chile,13203.0
2021-02-08,Chile,24984.0
2021-02-09,Chile,44373.0
2021-02-10,Chile,52718.0
2021-02-11,Chile,55606.0
2021-02-12,Chile,55816.0
2021-02-13,Chile,55849.0
2021-02-14,Chile,55849.0
2021-02-15,Chile,55849.0
2021-02-16,Chile,55860.0
2021-02-17,Chile,55860.0
2021-02-18,Chile,55861.0
2021-02-19,Chile,55861.0
2021-02-20,Chile,55861.0
2021-02-21,Chile,55861.0
2021-02-22,Chile,55883.0
2021-02-23,Chile,55923.0
2021-02-24,Chile,56097.0
2021-02-25,Chile,56242.0
2021-02-26,Chile,56360.0
2021-02-27,Chile,56364.0
2021-02-28,Chile,56364.0
2021-03-01,Chile,56773.0
2021-03-02,Chile,69194.0
2021-03-03,Chile,223308.0
2021-03-04,Chile,389184.0
2021-03-05,Chile,550938.0
2021-03-06,Chile,575081.0
2021-03-07,Chile,581981.0
2021-03-08,Chile,796097.0
2021-03-09,Chile,1033682.0
2021-03-10,Chile,1299302.0
2021-03-11,Chile,1545021.0
2021-03-12,Chile,1768250.0
2021-03-13,Chile,1794431.0
2021-03-14,Chile,1798271.0
2021-03-15,Chile,2070780.0
2021-03-16,Chile,2314470.0
2021-03-17,Chile,2530550.0
2021-03-18,Chile,2716745.0
2021-03-19,Chile,2871542.0
2021-03-20,Chile,2882560.0
2021-03-21,Chile,2883732.0
2021-03-22,Chile,3005769.0
2021-03-23,Chile,3096407.0
2021-03-24,Chile,3161234.0
2021-03-25,Chile,3216489.0
2021-03-26,Chile,3267627.0
2021-03-27,Chile,3270375.0
2021-03-28,Chile,3270799.0
2021-03-29,Chile,3386354.0
2021-03-30,Chile,3531097.0
2021-03-31,Chile,3684380.0
2021-04-01,Chile,3852972.0
2021-04-02,Chile,3858157.0
2021-04-03,Chile,3859505.0
2021-04-04,Chile,3859971.0
2021-04-05,Chile,4064904.0
2021-04-06,Chile,4211633.0
2021-04-07,Chile,4350076.0
2021-04-08,Chile,4512918.0
2021-04-09,Chile,4661034.0
2021-04-10,Chile,4675874.0
2021-04-11,Chile,4677230.0
2021-04-12,Chile,4836187.0
2021-04-13,Chile,4996545.0
2021-04-14,Chile,5146758.0
2021-04-15,Chile,5291697.0
2021-04-16,Chile,5427599.0
2021-04-17,Chile,5441991.0
2021-04-18,Chile,5443756.0
2021-04-19,Chile,5594960.0
2021-04-20,Chile,5745136.0
2021-04-21,Chile,5891624.0
2021-04-22,Chile,6036022.0
2021-04-23,Chile,6179854.0
2021-04-24,Chile,6191791.0
2021-04-25,Chile,6192483.0
2021-04-26,Chile,6346161.0
2021-04-27,Chile,6478708.0
2021-04-28,Chile,6604379.0
2021-04-29,Chile,6728950.0
2021-04-30,Chile,6765890.0
2021-05-01,Chile,6767100.0
2021-05-02,Chile,6767767.0
2021-05-03,Chile,6843661.0
2021-05-04,Chile,6932331.0
2021-05-05,Chile,7026040.0
2021-05-06,Chile,7102750.0
2021-05-07,Chile,7166660.0
2021-05-08,Chile,7174871.0
2021-05-09,Chile,7175317.0
2021-05-10,Chile,7245760.0
2021-05-11,Chile,7331138.0
2021-05-12,Chile,7409678.0
2021-05-13,Chile,7470374.0
2021-05-14,Chile,7526639.0
2021-05-15,Chile,7527046.0
2021-05-16,Chile,7527217.0
2021-05-17,Chile,7574317.0
2021-05-18,Chile,7622035.0
2021-05-19,Chile,7663324.0
2021-05-20,Chile,7726701.0
2021-05-21,Chile,7728066.0
2021-05-22,Chile,7734351.0
2021-05-23,Chile,7734940.0
2021-05-24,Chile,7796090.0
2021-05-25,Chile,7853037.0
2021-05-26,Chile,7901433.0
2021-05-27,Chile,7937742.0
2021-05-28,Chile,7978649.0
2021-05-29,Chile,7984441.0
2021-05-30,Chile,7985416.0
2021-05-31,Chile,8045168.0
2021-06-01,Chile,8127156.0
2021-06-02,Chile,8222293.0
2021-06-03,Chile,8330512.0
2021-06-04,Chile,8433353.0
2021-06-05,Chile,8456334.0
2021-06-06,Chile,8459355.0
2021-06-07,Chile,8586932.0
2021-06-08,Chile,8711507.0
2021-06-09,Chile,8828608.0
2021-06-10,Chile,8935409.0
2021-06-11,Chile,9033810.0
2021-06-12,Chile,9043607.0
2021-06-13,Chile,9044251.0
2021-06-14,Chile,9160915.0
2021-06-15,Chile,9286634.0
2021-06-16,Chile,9408007.0
2021-06-17,Chile,9521096.0
2021-06-18,Chile,9566912.0
2021-06-19,Chile,9587066.0
2021-06-20,Chile,9589225.0
2021-06-21,Chile,9601641.0
2021-06-22,Chile,9810927.0
2021-06-23,Chile,9987069.0
2021-06-24,Chile,10191853.0
2021-06-25,Chile,10364935.0
2021-06-26,Chile,10406754.0
2021-06-27,Chile,10411388.0
2021-06-28,Chile,10415749.0
2021-06-29,Chile,10625239.0
2021-06-30,Chile,10782166.0
2021-07-01,Chile,10878082.0
2021-07-02,Chile,10954454.0
2021-07-03,Chile,10976883.0
2021-07-04,Chile,10979386.0
2021-07-05,Chile,11086658.0
2021-07-06,Chile,11173232.0
2021-07-07,Chile,11261579.0
2021-07-08,Chile,11360189.0
2021-07-09,Chile,11449106.0
2021-07-10,Chile,11472521.0
2021-07-11,Chile,11475232.0
2021-07-12,Chile,11605797.0
2021-07-13,Chile,11709626.0
2021-07-14,Chile,11817819.0
2021-07-15,Chile,11913671.0
2021-07-16,Chile,11916372.0
2021-07-17,Chile,11930299.0
2021-07-18,Chile,11931603.0
2021-07-19,Chile,12007310.0
2021-07-20,Chile,12101536.0
2021-07-21,Chile,12173037.0
2021-07-22,Chile,12215599.0
2021-07-23,Chile,12273524.0
2021-07-24,Chile,12285104.0
2021-07-25,Chile,12286005.0
2021-07-26,Chile,12327317.0
2021-07-27,Chile,12369123.0
2021-07-28,Chile,12397240.0
2021-07-29,Chile,12478908.0
2021-07-30,Chile,12547322.0
2021-07-31,Chile,12557469.0
2021-08-01,Chile,12557906.0
2021-08-02,Chile,12582593.0
2021-08-03,Chile,12608829.0
2021-08-04,Chile,12668766.0
2021-08-05,Chile,12711815.0
2021-08-06,Chile,12743540.0
2021-08-07,Chile,12744467.0
2021-08-08,Chile,12744488.0
2021-08-09,Chile,12765927.0
2021-08-10,Chile,12785700.0
2021-08-11,Chile,12903632.0
2021-08-12,Chile,12983052.0
2021-08-13,Chile,13032230.0
2021-08-14,Chile,13033250.0
2021-08-15,Chile,13033450.0
2021-08-16,Chile,13055816.0
2021-08-17,Chile,13082630.0
2021-08-18,Chile,13160933.0
2021-08-19,Chile,13221627.0
2021-08-20,Chile,13278056.0
2021-08-21,Chile,13281042.0
2021-08-22,Chile,13281855.0
2021-08-23,Chile,13311589.0
2021-08-24,Chile,13334295.0
2021-08-25,Chile,13351348.0
2021-08-26,Chile,13432468.0
2021-08-27,Chile,13486379.0
2021-08-28,Chile,13488569.0
2021-08-29,Chile,13489130.0
2021-08-30,Chile,13570293.0
2021-08-31,Chile,13664847.0
2021-09-01,Chile,13699434.0
2021-09-02,Chile,13724070.0
2021-09-03,Chile,13742169.0
2021-09-04,Chile,13743007.0
2021-09-05,Chile,13743165.0
2021-09-06,Chile,13804696.0
2021-09-07,Chile,13867836.0
2021-09-08,Chile,13883749.0
2021-09-09,Chile,13895375.0
2021-09-10,Chile,13904897.0
2021-09-11,Chile,13905513.0
2021-09-12,Chile,13905571.0
2021-09-13,Chile,13945391.0
2021-09-14,Chile,13985345.0
2021-09-15,Chile,14001522.0
2021-09-16,Chile,14009976.0
2021-09-17,Chile,14010029.0
2021-09-18,Chile,14010043.0
2021-09-19,Chile,14010048.0
2021-09-20,Chile,14033408.0
2021-09-21,Chile,14057816.0
2021-09-22,Chile,14075780.0
2021-09-23,Chile,14087048.0
2021-09-24,Chile,14096697.0
2021-09-25,Chile,14097031.0
2021-02-17,Colombia,14097031.0
2021-02-18,Colombia,14097031.0
2021-02-19,Colombia,14097031.0
2021-02-20,Colombia,14097031.0
2021-02-21,Colombia,14097031.0
2021-02-22,Colombia,14097031.0
2021-02-23,Colombia,14097031.0
2021-02-24,Colombia,14097031.0
2021-02-25,Colombia,14097031.0
2021-02-26,Colombia,14097031.0
2021-02-27,Colombia,14097031.0
2021-02-28,Colombia,14097031.0
2021-03-01,Colombia,14097031.0
2021-03-02,Colombia,14097031.0
2021-03-03,Colombia,14097031.0
2021-03-04,Colombia,14097031.0
2021-03-05,Colombia,14097031.0
2021-03-06,Colombia,14097031.0
2021-03-07,Colombia,14097031.0
2021-03-08,Colombia,14097031.0
2021-03-09,Colombia,14097031.0
2021-03-10,Colombia,14097031.0
2021-03-11,Colombia,14097031.0
2021-03-12,Colombia,14097031.0
2021-03-13,Colombia,33242.0
2021-03-14,Colombia,39548.0
2021-03-15,Colombia,44967.0
2021-03-16,Colombia,47210.0
2021-03-17,Colombia,53118.0
2021-03-18,Colombia,53892.0
2021-03-19,Colombia,54162.0
2021-03-20,Colombia,54528.0
2021-03-21,Colombia,57849.0
2021-03-22,Colombia,60324.0
2021-03-23,Colombia,62829.0
2021-03-24,Colombia,74274.0
2021-03-25,Colombia,117117.0
2021-03-26,Colombia,148108.0
2021-03-27,Colombia,176068.0
2021-03-28,Colombia,194296.0
2021-03-29,Colombia,228486.0
2021-03-30,Colombia,262707.0
2021-03-31,Colombia,286067.0
2021-04-01,Colombia,334955.0
2021-04-02,Colombia,364253.0
2021-04-03,Colombia,391193.0
2021-04-04,Colombia,402200.0
2021-04-05,Colombia,423536.0
2021-04-06,Colombia,423536.0
2021-04-07,Colombia,542537.0
2021-04-08,Colombia,640077.0
2021-04-09,Colombia,744266.0
2021-04-10,Colombia,808785.0
2021-04-11,Colombia,808785.0
2021-04-12,Colombia,914757.0
2021-04-13,Colombia,1009672.0
2021-04-14,Colombia,1047955.0
2021-04-15,Colombia,1047955.0
2021-04-16,Colombia,1093853.0
2021-04-17,Colombia,1135662.0
2021-04-18,Colombia,1155411.0
2021-04-19,Colombia,1188303.0
2021-04-20,Colombia,1231864.0
2021-04-21,Colombia,1280891.0
2021-04-22,Colombia,1320251.0
2021-04-23,Colombia,1357291.0
2021-04-24,Colombia,1391979.0
2021-04-25,Colombia,1411553.0
2021-04-26,Colombia,1411553.0
2021-04-27,Colombia,1476363.0
2021-04-28,Colombia,1505225.0
2021-04-29,Colombia,1546311.0
2021-04-30,Colombia,1627032.0
2021-05-01,Colombia,1700471.0
2021-05-02,Colombia,1766080.0
2021-05-03,Colombia,1766080.0
2021-05-04,Colombia,1766080.0
2021-05-05,Colombia,1766080.0
2021-05-06,Colombia,1766080.0
2021-05-07,Colombia,2235245.0
2021-05-08,Colombia,2235245.0
2021-05-09,Colombia,2235245.0
2021-05-10,Colombia,2440975.0
2021-05-11,Colombia,2533355.0
2021-05-12,Colombia,2612556.0
2021-05-13,Colombia,2693154.0
2021-05-14,Colombia,2693154.0
2021-05-15,Colombia,2822391.0
2021-05-16,Colombia,2857547.0
2021-05-17,Colombia,2885758.0
2021-05-18,Colombia,2958890.0
2021-05-19,Colombia,3001256.0
2021-05-20,Colombia,3049042.0
2021-05-21,Colombia,3049042.0
2021-05-22,Colombia,3109420.0
2021-05-23,Colombia,3127513.0
2021-05-24,Colombia,3147478.0
2021-05-25,Colombia,3173606.0
2021-05-26,Colombia,3195848.0
2021-05-27,Colombia,3195848.0
2021-05-28,Colombia,3195848.0
2021-05-29,Colombia,3262037.0
2021-05-30,Colombia,3273855.0
2021-05-31,Colombia,3293247.0
2021-06-01,Colombia,3314399.0
2021-06-02,Colombia,3338638.0
2021-06-03,Colombia,3369264.0
2021-06-04,Colombia,3402937.0
2021-06-05,Colombia,3432806.0
2021-06-06,Colombia,3450521.0
2021-06-07,Colombia,3471207.0
2021-06-08,Colombia,3535101.0
2021-06-09,Colombia,3594039.0
2021-06-10,Colombia,3594039.0
2021-06-11,Colombia,3735552.0
2021-06-12,Colombia,3800204.0
2021-06-13,Colombia,3830413.0
2021-06-14,Colombia,3875823.0
2021-06-15,Colombia,3875823.0
2021-06-16,Colombia,3875823.0
2021-06-17,Colombia,4326156.0
2021-06-18,Colombia,4326156.0
2021-06-19,Colombia,4656103.0
2021-06-20,Colombia,4781769.0
2021-06-21,Colombia,4977790.0
2021-06-22,Colombia,5189283.0
2021-06-23,Colombia,5381189.0
2021-06-24,Colombia,5566656.0
2021-06-25,Colombia,5757498.0
2021-06-26,Colombia,5948340.0
2021-06-27,Colombia,6137238.0
2021-06-28,Colombia,6383422.0
2021-06-29,Colombia,6654730.0
2021-06-30,Colombia,6896325.0
2021-07-01,Colombia,7101383.0
2021-07-02,Colombia,7292768.0
2021-07-03,Colombia,7436866.0
2021-07-04,Colombia,7522208.0
2021-07-05,Colombia,7624099.0
2021-07-06,Colombia,7624099.0
2021-07-07,Colombia,8060751.0
2021-07-08,Colombia,8060751.0
2021-07-09,Colombia,8060751.0
2021-07-10,Colombia,8305787.0
2021-07-11,Colombia,8992264.0
2021-07-12,Colombia,9178479.0
2021-07-13,Colombia,9178479.0
2021-07-14,Colombia,9631722.0
2021-07-15,Colombia,9876044.0
2021-07-16,Colombia,9876044.0
2021-07-17,Colombia,10255069.0
2021-07-18,Colombia,10340378.0
2021-07-19,Colombia,10475982.0
2021-07-20,Colombia,10556284.0
2021-07-21,Colombia,10556284.0
2021-07-22,Colombia,10889063.0
2021-07-23,Colombia,11042971.0
2021-07-24,Colombia,11042971.0
2021-07-25,Colombia,11317608.0
2021-07-26,Colombia,11457631.0
2021-07-27,Colombia,11457631.0
2021-07-28,Colombia,11759641.0
2021-07-29,Colombia,11892153.0
2021-07-30,Colombia,11892153.0
2021-07-31,Colombia,12179103.0
2021-08-01,Colombia,12252821.0
2021-08-02,Colombia,12377173.0
2021-08-03,Colombia,12542092.0
2021-08-04,Colombia,12700513.0
2021-08-05,Colombia,12854659.0
2021-08-06,Colombia,12854659.0
2021-08-07,Colombia,13182770.0
2021-08-08,Colombia,13220870.0
2021-08-09,Colombia,13313500.0
2021-08-10,Colombia,13403370.0
2021-08-11,Colombia,13504623.0
2021-08-12,Colombia,13590141.0
2021-08-13,Colombia,13676098.0
2021-08-14,Colombia,13749209.0
2021-08-15,Colombia,13775599.0
2021-08-16,Colombia,13775599.0
2021-08-17,Colombia,13880688.0
2021-08-18,Colombia,13958104.0
2021-08-19,Colombia,14052941.0
2021-08-20,Colombia,14157111.0
2021-08-21,Colombia,14208967.0
2021-08-22,Colombia,14250028.0
2021-08-23,Colombia,14323100.0
2021-08-24,Colombia,14390587.0
2021-08-25,Colombia,14448771.0
2021-08-26,Colombia,14448771.0
2021-08-27,Colombia,14592150.0
2021-08-28,Colombia,14639269.0
2021-08-29,Colombia,14653162.0
2021-08-30,Colombia,14685797.0
2021-08-31,Colombia,14722990.0
2021-09-01,Colombia,14722990.0
2021-09-02,Colombia,14771114.0
2021-09-03,Colombia,14873013.0
2021-09-04,Colombia,14912159.0
2021-09-05,Colombia,14912159.0
2021-09-06,Colombia,14912159.0
2021-09-07,Colombia,14912159.0
2021-09-08,Colombia,14912159.0
2021-09-09,Colombia,15572631.0
2021-09-10,Colombia,15712902.0
2021-09-11,Colombia,15712902.0
2021-09-12,Colombia,15746173.0
2021-09-13,Colombia,15817661.0
2021-09-14,Colombia,15902438.0
2021-09-15,Colombia,15968154.0
2021-09-16,Colombia,15968154.0
2021-09-17,Colombia,16096455.0
2021-09-18,Colombia,16137068.0
2021-09-19,Colombia,16159636.0
2021-09-20,Colombia,16223761.0
2021-09-21,Colombia,16223761.0
2021-09-22,Colombia,16353229.0
2021-09-23,Colombia,16423702.0
2020-12-24,Costa Rica,16423702.0
2020-12-25,Costa Rica,16423702.0
2020-12-26,Costa Rica,16423702.0
2020-12-27,Costa Rica,16423702.0
2020-12-28,Costa Rica,16423702.0
2020-12-29,Costa Rica,16423702.0
2020-12-30,Costa Rica,16423702.0
2020-12-31,Costa Rica,16423702.0
2021-01-01,Costa Rica,16423702.0
2021-01-02,Costa Rica,16423702.0
2021-01-03,Costa Rica,16423702.0
2021-01-04,Costa Rica,16423702.0
2021-01-05,Costa Rica,16423702.0
2021-01-06,Costa Rica,16423702.0
2021-01-07,Costa Rica,16423702.0
2021-01-08,Costa Rica,16423702.0
2021-01-09,Costa Rica,16423702.0
2021-01-10,Costa Rica,16423702.0
2021-01-11,Costa Rica,16423702.0
2021-01-12,Costa Rica,16423702.0
2021-01-13,Costa Rica,16423702.0
2021-01-14,Costa Rica,16423702.0
2021-01-15,Costa Rica,55.0
2021-01-16,Costa Rica,55.0
2021-01-17,Costa Rica,55.0
2021-01-18,Costa Rica,132.0
2021-01-19,Costa Rica,132.0
2021-01-20,Costa Rica,132.0
2021-01-21,Costa Rica,132.0
2021-01-22,Costa Rica,132.0
2021-01-23,Costa Rica,132.0
2021-01-24,Costa Rica,132.0
2021-01-25,Costa Rica,2421.0
2021-01-26,Costa Rica,2421.0
2021-01-27,Costa Rica,2421.0
2021-01-28,Costa Rica,2421.0
2021-01-29,Costa Rica,2421.0
2021-01-30,Costa Rica,2421.0
2021-01-31,Costa Rica,2421.0
2021-02-01,Costa Rica,11838.0
2021-02-02,Costa Rica,11838.0
2021-02-03,Costa Rica,11838.0
2021-02-04,Costa Rica,11838.0
2021-02-05,Costa Rica,11838.0
2021-02-06,Costa Rica,11838.0
2021-02-07,Costa Rica,11838.0
2021-02-08,Costa Rica,28363.0
2021-02-09,Costa Rica,28363.0
2021-02-10,Costa Rica,28363.0
2021-02-11,Costa Rica,28363.0
2021-02-12,Costa Rica,28363.0
2021-02-13,Costa Rica,28363.0
2021-02-14,Costa Rica,28363.0
2021-02-15,Costa Rica,42553.0
2021-02-16,Costa Rica,42553.0
2021-02-17,Costa Rica,42553.0
2021-02-18,Costa Rica,42553.0
2021-02-19,Costa Rica,42553.0
2021-02-20,Costa Rica,42553.0
2021-02-21,Costa Rica,42553.0
2021-02-22,Costa Rica,44021.0
2021-02-23,Costa Rica,44021.0
2021-02-24,Costa Rica,44021.0
2021-02-25,Costa Rica,44021.0
2021-02-26,Costa Rica,44021.0
2021-02-27,Costa Rica,44021.0
2021-02-28,Costa Rica,44021.0
2021-03-01,Costa Rica,46117.0
2021-03-02,Costa Rica,46117.0
2021-03-03,Costa Rica,46117.0
2021-03-04,Costa Rica,46117.0
2021-03-05,Costa Rica,51224.0
2021-03-06,Costa Rica,51224.0
2021-03-07,Costa Rica,51224.0
2021-03-08,Costa Rica,52745.0
2021-03-09,Costa Rica,52745.0
2021-03-10,Costa Rica,52745.0
2021-03-11,Costa Rica,52745.0
2021-03-12,Costa Rica,53898.0
2021-03-13,Costa Rica,53898.0
2021-03-14,Costa Rica,53898.0
2021-03-15,Costa Rica,57994.0
2021-03-16,Costa Rica,57994.0
2021-03-17,Costa Rica,57994.0
2021-03-18,Costa Rica,57994.0
2021-03-19,Costa Rica,57994.0
2021-03-20,Costa Rica,57994.0
2021-03-21,Costa Rica,57994.0
2021-03-22,Costa Rica,106227.0
2021-03-23,Costa Rica,106227.0
2021-03-24,Costa Rica,134633.0
2021-03-25,Costa Rica,134633.0
2021-03-26,Costa Rica,134633.0
2021-03-27,Costa Rica,134633.0
2021-03-28,Costa Rica,134633.0
2021-03-29,Costa Rica,160263.0
2021-03-30,Costa Rica,160263.0
2021-03-31,Costa Rica,160263.0
2021-04-01,Costa Rica,160263.0
2021-04-02,Costa Rica,160263.0
2021-04-03,Costa Rica,160263.0
2021-04-04,Costa Rica,160263.0
2021-04-05,Costa Rica,160263.0
2021-04-06,Costa Rica,213562.0
2021-04-07,Costa Rica,213562.0
2021-04-08,Costa Rica,213562.0
2021-04-09,Costa Rica,213562.0
2021-04-10,Costa Rica,213562.0
2021-04-11,Costa Rica,213562.0
2021-04-12,Costa Rica,232508.0
2021-04-13,Costa Rica,232508.0
2021-04-14,Costa Rica,232508.0
2021-04-15,Costa Rica,232508.0
2021-04-16,Costa Rica,232508.0
2021-04-17,Costa Rica,232508.0
2021-04-18,Costa Rica,232508.0
2021-04-19,Costa Rica,247734.0
2021-04-20,Costa Rica,247734.0
2021-04-21,Costa Rica,247734.0
2021-04-22,Costa Rica,247734.0
2021-04-23,Costa Rica,247734.0
2021-04-24,Costa Rica,247734.0
2021-04-25,Costa Rica,247734.0
2021-04-26,Costa Rica,280202.0
2021-04-27,Costa Rica,280202.0
2021-04-28,Costa Rica,280202.0
2021-04-29,Costa Rica,280202.0
2021-04-30,Costa Rica,280202.0
2021-05-01,Costa Rica,280202.0
2021-05-02,Costa Rica,280202.0
2021-05-03,Costa Rica,345153.0
2021-05-04,Costa Rica,345153.0
2021-05-05,Costa Rica,345153.0
2021-05-06,Costa Rica,345153.0
2021-05-07,Costa Rica,345153.0
2021-05-08,Costa Rica,345153.0
2021-05-09,Costa Rica,345153.0
2021-05-10,Costa Rica,436630.0
2021-05-11,Costa Rica,436630.0
2021-05-12,Costa Rica,436630.0
2021-05-13,Costa Rica,436630.0
2021-05-14,Costa Rica,436630.0
2021-05-15,Costa Rica,436630.0
2021-05-16,Costa Rica,436630.0
2021-05-17,Costa Rica,530018.0
2021-05-18,Costa Rica,530018.0
2021-05-19,Costa Rica,530018.0
2021-05-20,Costa Rica,530018.0
2021-05-21,Costa Rica,530018.0
2021-05-22,Costa Rica,530018.0
2021-05-23,Costa Rica,530018.0
2021-05-24,Costa Rica,590285.0
2021-05-25,Costa Rica,590285.0
2021-05-26,Costa Rica,590285.0
2021-05-27,Costa Rica,590285.0
2021-05-28,Costa Rica,590285.0
2021-05-29,Costa Rica,590285.0
2021-05-30,Costa Rica,590285.0
2021-05-31,Costa Rica,590285.0
2021-06-01,Costa Rica,646346.0
2021-06-02,Costa Rica,646346.0
2021-06-03,Costa Rica,646346.0
2021-06-04,Costa Rica,646346.0
2021-06-05,Costa Rica,646346.0
2021-06-06,Costa Rica,646346.0
2021-06-07,Costa Rica,686626.0
2021-06-08,Costa Rica,686626.0
2021-06-09,Costa Rica,686626.0
2021-06-10,Costa Rica,686626.0
2021-06-11,Costa Rica,686626.0
2021-06-12,Costa Rica,686626.0
2021-06-13,Costa Rica,686626.0
2021-06-14,Costa Rica,740742.0
2021-06-15,Costa Rica,740742.0
2021-06-16,Costa Rica,740742.0
2021-06-17,Costa Rica,740742.0
2021-06-18,Costa Rica,740742.0
2021-06-19,Costa Rica,740742.0
2021-06-20,Costa Rica,740742.0
2021-06-21,Costa Rica,740742.0
2021-06-22,Costa Rica,795063.0
2021-06-23,Costa Rica,795063.0
2021-06-24,Costa Rica,795063.0
2021-06-25,Costa Rica,795063.0
2021-06-26,Costa Rica,795063.0
2021-06-27,Costa Rica,795063.0
2021-06-28,Costa Rica,811163.0
2021-06-29,Costa Rica,811163.0
2021-06-30,Costa Rica,811163.0
2021-07-01,Costa Rica,811163.0
2021-07-02,Costa Rica,811163.0
2021-07-03,Costa Rica,811163.0
2021-07-04,Costa Rica,811163.0
2021-07-05,Costa Rica,816931.0
2021-07-06,Costa Rica,816931.0
2021-07-07,Costa Rica,816931.0
2021-07-08,Costa Rica,816931.0
2021-07-09,Costa Rica,816931.0
2021-07-10,Costa Rica,816931.0
2021-07-11,Costa Rica,816931.0
2021-07-12,Costa Rica,816931.0
2021-07-13,Costa Rica,822842.0
2021-07-14,Costa Rica,822842.0
2021-07-15,Costa Rica,822842.0
2021-07-16,Costa Rica,822842.0
2021-07-17,Costa Rica,822842.0
2021-07-18,Costa Rica,822842.0
2021-07-19,Costa Rica,830343.0
2021-07-20,Costa Rica,830343.0
2021-07-21,Costa Rica,830343.0
2021-07-22,Costa Rica,830343.0
2021-07-23,Costa Rica,830343.0
2021-07-24,Costa Rica,830343.0
2021-07-25,Costa Rica,830343.0
2021-07-26,Costa Rica,851089.0
2021-07-27,Costa Rica,851089.0
2021-07-28,Costa Rica,851089.0
2021-07-29,Costa Rica,851089.0
2021-07-30,Costa Rica,851089.0
2021-07-31,Costa Rica,851089.0
2021-08-01,Costa Rica,851089.0
2021-08-02,Costa Rica,851089.0
2021-08-03,Costa Rica,851089.0
2021-08-04,Costa Rica,851089.0
2021-08-05,Costa Rica,851089.0
2021-08-06,Costa Rica,851089.0
2021-08-07,Costa Rica,851089.0
2021-08-08,Costa Rica,851089.0
2021-08-09,Costa Rica,862851.0
2021-08-10,Costa Rica,862851.0
2021-08-11,Costa Rica,862851.0
2021-08-12,Costa Rica,862851.0
2021-08-13,Costa Rica,862851.0
2021-08-14,Costa Rica,862851.0
2021-08-15,Costa Rica,862851.0
2021-08-16,Costa Rica,899571.0
2021-08-17,Costa Rica,899571.0
2021-08-18,Costa Rica,899571.0
2021-08-19,Costa Rica,899571.0
2021-08-20,Costa Rica,899571.0
2021-08-21,Costa Rica,899571.0
2021-08-22,Costa Rica,899571.0
2021-08-23,Costa Rica,1003508.0
2021-08-24,Costa Rica,1003508.0
2021-08-25,Costa Rica,1003508.0
2021-08-26,Costa Rica,1003508.0
2021-08-27,Costa Rica,1003508.0
2021-08-28,Costa Rica,1003508.0
2021-08-29,Costa Rica,1003508.0
2021-08-30,Costa Rica,1219482.0
2021-08-31,Costa Rica,1219482.0
2021-09-01,Costa Rica,1219482.0
2021-09-02,Costa Rica,1219482.0
2021-09-03,Costa Rica,1219482.0
2021-09-04,Costa Rica,1219482.0
2021-09-05,Costa Rica,1219482.0
2021-09-06,Costa Rica,1219482.0
2021-09-07,Costa Rica,1219482.0
2021-09-08,Costa Rica,1509014.0
2021-09-09,Costa Rica,1509014.0
2021-09-10,Costa Rica,1509014.0
2021-09-11,Costa Rica,1509014.0
2021-09-12,Costa Rica,1509014.0
2021-09-13,Costa Rica,1727299.0
2021-09-14,Costa Rica,1727299.0
2021-09-15,Costa Rica,1727299.0
2021-09-16,Costa Rica,1727299.0
2021-09-17,Costa Rica,1727299.0
2021-09-18,Costa Rica,1727299.0
2021-09-19,Costa Rica,1727299.0
2021-09-20,Costa Rica,2003946.0
